id,level0_status,original_grade,coherence,factuality,is_suspect,confidence_score,risk_level,processing_time_ms,word_count,entities_detected,suspicious_entities,fact_check_candidates_count,priority_score,num_issues
0_adaptive,validated,A,0.76,0.9026752710342408,False,0.7500000000000001,low,89.37406539916992,85,2,0,1,0.0,2
1_adaptive,validated,A,0.78,1.0,False,0.9,low,50.80580711364746,66,4,0,1,0.0,1
2_adaptive,validated,A+,0.956,1.0,False,0.9500000000000001,low,29.617786407470703,42,1,0,1,0.0,0
3_adaptive,validated,A,0.876,0.9034748077392578,False,0.9,low,56.67519569396973,70,3,0,1,0.0,1
4_adaptive,validated,A+,0.936,0.9999998807907104,False,0.7500000000000001,low,62.34931945800781,51,4,0,1,0.0,2
5_adaptive,validated,A+,0.936,0.9607664942741394,False,0.9,low,59.78822708129883,51,3,0,1,0.0,1
6_adaptive,validated,A,0.826,0.8889455795288086,False,0.8,low,96.37236595153809,101,9,0,2,0.0,1
7_adaptive,validated,A,0.826,0.997988224029541,True,0.65,low,73.3327865600586,92,4,0,1,0.0,2
8_adaptive,validated,A,1.0,0.9999900460243224,False,0.7500000000000001,low,45.88031768798828,72,9,0,1,0.0,2
9_adaptive,validated,D,0.0960426330566406,0.7991381883621216,True,0.5000000000000001,high,28.02872657775879,28,5,0,1,0.9,2
10_adaptive,validated,A+,0.8859999999999999,0.99607253074646,False,0.7000000000000001,low,29.90436553955078,27,3,0,1,0.0,1
11_adaptive,validated,A+,0.916,0.9422397017478944,False,0.8500000000000001,low,87.45574951171875,62,1,0,2,0.0,2
12_adaptive,validated,A,1.0,1.0000001192092896,False,0.8500000000000001,low,36.12518310546875,19,4,0,1,0.0,0
13_adaptive,validated,D,0.3385048985481262,0.994139850139618,False,0.8,low,51.66172981262207,58,5,0,1,0.0,1
14_adaptive,validated,A,1.0,1.0,False,0.75,low,18.60356330871582,24,0,0,0,0.0,1
15_adaptive,validated,A+,0.916,1.0,False,0.8,low,40.18545150756836,40,2,0,1,0.0,1
16_adaptive,validated,B+,1.0,0.989346444606781,False,0.7000000000000001,low,15.76852798461914,30,0,0,0,0.0,2
17_adaptive,validated,B+,1.0,0.8219472169876099,False,0.8,low,32.808542251586914,33,1,0,1,0.0,1
18_adaptive,validated,A,0.796,0.9675357937812804,False,0.9,low,90.34514427185059,96,5,0,1,0.0,1
19_adaptive,validated,A+,0.956,0.9974556565284728,False,0.9500000000000001,low,31.043291091918945,37,2,0,1,0.0,0
20_adaptive,validated,A,0.866,0.876602828502655,False,0.9,low,116.06979370117188,93,5,0,1,0.0,1
21_adaptive,validated,A+,0.956,0.960360825061798,False,0.9500000000000001,low,49.62730407714844,37,4,0,1,0.0,0
22_adaptive,validated,B,1.0,0.5475156903266907,True,0.4500000000000001,high,54.84724044799805,55,4,0,2,0.9,3
23_adaptive,validated,D,0.097365864767478,0.961173951625824,True,0.65,high,29.770851135253906,32,4,0,1,0.9,1
24_adaptive,validated,B+,1.0,0.7335177063941956,False,0.8500000000000001,low,23.395299911499023,20,2,0,1,0.0,0
25_adaptive,validated,B+,1.0,0.9066699743270874,False,0.8,low,27.99201011657715,30,3,0,1,0.0,1
26_adaptive,validated,B+,1.0,0.8033843040466309,False,0.8,low,23.78368377685547,30,1,0,1,0.0,1
27_adaptive,validated,A,0.916,0.9241381287574768,False,0.8,low,63.9035701751709,72,4,0,2,0.0,1
28_adaptive,validated,B,1.0,0.5902926325798035,False,0.8500000000000001,low,18.361568450927734,16,1,0,1,0.0,0
29_adaptive,validated,B+,1.0,0.9101421236991882,False,0.8,low,56.2136173248291,40,1,0,2,0.0,1
30_adaptive,validated,A,0.876,0.9523348808288574,False,0.9,low,70.54972648620605,78,3,0,3,0.0,1
31_adaptive,validated,A,1.0,1.0,False,0.8500000000000001,low,34.268856048583984,23,2,0,1,0.0,0
32_adaptive,validated,B+,1.0,0.7923498749732971,False,0.8,low,49.22199249267578,39,4,0,1,0.0,1
33_adaptive,validated,B+,1.0,0.7148224115371704,False,0.8500000000000001,low,43.41459274291992,21,1,0,1,0.0,0
34_adaptive,validated,B+,1.0,0.6701154708862305,False,0.75,low,30.344247817993164,23,0,0,0,0.0,1
35_adaptive,validated,B+,1.0,0.9168684482574464,False,0.9500000000000001,low,50.397634506225586,45,4,0,1,0.0,0
36_adaptive,validated,A+,0.936,0.91572242975235,False,0.9,low,53.323984146118164,58,6,0,1,0.0,1
37_adaptive,validated,D,0.0838055736607029,0.4729487299919128,False,0.8500000000000001,low,30.895709991455078,23,2,0,1,0.0,0
38_adaptive,validated,A,0.936,0.7744740843772888,False,0.7500000000000001,low,66.90716743469238,55,8,0,2,0.0,2
39_adaptive,validated,B+,1.0,0.7945106029510498,False,0.8,low,23.530960083007812,21,4,0,1,0.0,1
40_adaptive,validated,B+,1.0,0.9957470893859864,False,0.7000000000000001,low,33.76269340515137,29,2,0,2,0.0,1
41_adaptive,validated,A,0.956,0.7815355062484741,False,0.9500000000000001,low,80.53135871887207,44,2,0,1,0.0,0
42_adaptive,validated,A+,0.926,0.9594295620918274,False,0.7000000000000001,low,61.183929443359375,51,1,0,1,0.4,3
43_adaptive,validated,A+,0.956,0.889445424079895,False,0.8,low,51.72419548034668,41,4,0,1,0.0,1
44_adaptive,validated,D,0.226674094429157,0.8344650864601135,False,0.9500000000000001,low,43.66707801818848,41,6,0,1,0.0,0
45_adaptive,validated,A+,0.956,1.0,False,0.9500000000000001,low,56.01763725280762,42,1,0,1,0.0,0
46_adaptive,validated,A,0.866,0.9555639028549194,False,0.7500000000000001,low,107.1465015411377,103,7,0,1,0.0,2
47_adaptive,validated,A+,0.916,0.9644334316253662,False,0.9500000000000001,low,64.01443481445312,31,4,0,1,0.0,0
48_adaptive,validated,B+,1.0,1.0,False,0.85,low,58.965206146240234,30,0,0,0,0.0,1
50_adaptive,validated,A,1.0,1.0,False,0.8,low,58.091163635253906,25,4,0,1,0.0,1
51_adaptive,validated,A,0.936,0.8085412979125977,False,0.7500000000000001,low,65.08731842041016,55,5,0,1,0.0,2
52_adaptive,validated,A+,0.8860000000000001,0.9983360171318054,False,0.9500000000000001,low,94.22755241394043,78,6,0,1,0.0,0
53_adaptive,validated,A,1.0,1.0000001192092896,False,0.8500000000000001,low,35.7511043548584,24,2,0,2,0.0,0
54_adaptive,validated,D,0.1040031760931015,1.0,False,0.9,low,57.108402252197266,45,7,0,1,0.0,1
55_adaptive,validated,D,0.1648215651512146,1.0,True,0.55,high,16.05677604675293,20,4,0,1,0.9,1
56_adaptive,validated,A,1.0,0.9674214124679564,False,0.8500000000000001,low,33.86521339416504,24,2,0,1,0.0,0
57_adaptive,validated,D,0.147315427660942,1.0,False,0.9500000000000001,low,18.53799819946289,45,3,0,1,0.0,0
58_adaptive,validated,A+,0.936,0.9628560543060304,True,0.65,low,53.818702697753906,60,0,0,0,0.4,3
59_adaptive,validated,B+,1.0,0.8047746419906616,False,0.7000000000000001,low,41.527509689331055,53,1,0,1,0.4,3
60_adaptive,validated,A,1.0,0.9999999403953552,False,0.8,low,47.521114349365234,43,4,0,1,0.0,1
61_adaptive,validated,A,0.936,0.8477396965026855,False,0.8500000000000001,low,45.87864875793457,70,1,0,1,0.0,2
62_adaptive,validated,A+,0.936,0.8908538818359375,False,0.8500000000000001,low,75.66237449645996,61,1,0,1,0.0,2
63_adaptive,validated,B+,1.0,0.8990553617477417,False,0.8500000000000001,low,22.951364517211914,24,3,0,1,0.0,0
64_adaptive,validated,B+,0.64,0.8079459071159363,False,0.9,low,63.62748146057129,82,4,0,2,0.0,1
65_adaptive,validated,B+,1.0,0.6862736940383911,False,0.8,low,33.27488899230957,31,4,0,1,0.0,1
66_adaptive,validated,A,0.74,0.99534273147583,False,0.7500000000000001,low,51.45907402038574,70,8,0,1,0.0,2
67_adaptive,validated,A,1.0,0.9997036457061768,False,0.8500000000000001,low,31.780242919921875,24,2,0,1,0.0,0
68_adaptive,validated,D,0.3614397406578064,0.4470188319683075,False,0.9500000000000001,low,37.827253341674805,30,2,0,1,0.0,0
69_adaptive,validated,B,1.0,0.6349378824234009,False,0.7000000000000001,low,21.390438079833984,27,4,0,2,0.0,1
70_adaptive,validated,B+,1.0,0.7056889533996582,False,0.8500000000000001,low,9.262800216674805,20,4,0,1,0.0,0
71_adaptive,validated,A,1.0,0.9920610189437866,False,0.7000000000000001,low,33.13446044921875,66,13,0,1,0.4,3
72_adaptive,validated,A+,0.916,0.9819724559783936,False,0.9,low,65.39654731750488,64,5,0,1,0.0,1
73_adaptive,validated,B+,1.0,0.7521225810050964,False,0.8500000000000001,low,28.84507179260254,19,2,0,1,0.0,0
74_adaptive,validated,B+,1.0,0.8774645328521729,False,0.8500000000000001,low,40.45462608337402,23,1,0,1,0.0,0
75_adaptive,validated,A+,0.956,0.9117754697799684,False,0.9500000000000001,low,54.02255058288574,45,4,0,1,0.0,0
76_adaptive,validated,B+,1.0,0.9707658886909484,False,0.8,low,56.06698989868164,34,1,0,1,0.0,1
77_adaptive,validated,D,0.0181165495660246,0.9999999403953552,False,0.9500000000000001,low,58.60447883605957,47,2,0,1,0.0,0
78_adaptive,validated,B,1.0,0.5482409000396729,False,0.8,low,18.67532730102539,20,0,0,0,0.0,0
79_adaptive,validated,A,0.826,0.9330039024353028,False,0.9500000000000001,low,92.38600730895996,103,8,0,1,0.0,0
80_adaptive,validated,B+,1.0,0.5769590139389038,True,0.55,high,18.713712692260742,25,1,0,1,0.9,1
81_adaptive,validated,A,1.0,0.9999999403953552,False,0.8500000000000001,low,29.120922088623047,19,2,0,1,0.0,0
82_adaptive,validated,B+,1.0,0.7782987952232361,False,0.8,low,24.025440216064453,25,5,0,1,0.0,1
83_adaptive,validated,B+,1.0,0.975460410118103,False,0.8500000000000001,low,21.44145965576172,26,2,0,1,0.0,0
84_adaptive,validated,B+,1.0,0.8372348546981812,False,0.8500000000000001,low,35.56513786315918,22,3,0,1,0.0,0
85_adaptive,validated,A+,0.916,0.992521345615387,False,0.9,low,70.18899917602539,67,4,0,1,0.0,1
86_adaptive,validated,A+,0.956,1.0,False,0.85,low,57.689666748046875,30,0,0,0,0.0,1
87_adaptive,validated,A+,0.8959999999999999,0.9488303065299988,False,0.9,low,81.66360855102539,66,3,0,1,0.0,1
88_adaptive,validated,D,0.3156939394890315,0.9375750422477722,False,0.7500000000000001,low,61.77830696105957,95,9,0,1,0.0,2
89_adaptive,validated,A+,0.916,0.9507016539573668,False,0.9,low,72.63708114624023,84,6,0,1,0.0,1
90_adaptive,validated,A+,0.956,1.0,False,0.9500000000000001,low,32.99593925476074,41,1,0,1,0.0,0
91_adaptive,validated,A+,0.8460000000000001,0.9495419263839722,False,0.7500000000000001,low,49.05962944030762,86,5,0,1,0.0,2
92_adaptive,validated,A,0.796,0.9705080986022948,False,0.9500000000000001,low,54.660797119140625,92,6,0,1,0.0,0
93_adaptive,validated,A,0.796,0.9152163863182068,False,0.9500000000000001,low,44.74067687988281,101,6,0,1,0.0,0
94_adaptive,validated,A,0.796,0.9170922040939332,False,0.9500000000000001,low,62.853097915649414,102,5,0,1,0.0,0
95_adaptive,validated,A,0.796,0.8605238795280457,False,0.9,low,71.30169868469238,105,7,0,2,0.0,1
96_adaptive,validated,A,0.916,0.7837063670158386,False,0.9,low,55.1755428314209,67,9,0,1,0.0,1
97_adaptive,validated,A,0.756,0.9478301405906676,False,0.8500000000000001,low,73.41456413269043,88,14,0,1,0.0,2
98_adaptive,validated,A+,0.936,0.9107520580291748,False,0.9,low,49.86214637756348,61,7,0,1,0.0,1
99_adaptive,validated,A+,0.956,0.9048036336898804,False,0.9500000000000001,low,34.00874137878418,48,1,0,1,0.0,0
100_adaptive,validated,A,0.796,0.9938597083091736,False,0.9,low,72.33715057373047,101,2,0,1,0.0,1
101_adaptive,validated,A+,0.956,1.0,False,0.9500000000000001,low,31.38566017150879,33,1,0,1,0.0,0
102_adaptive,validated,A+,0.916,0.9110892415046692,False,0.9500000000000001,low,71.2118148803711,68,6,0,1,0.0,0
103_adaptive,validated,A+,0.956,0.9678342342376708,False,0.9500000000000001,low,118.77107620239258,34,5,0,1,0.0,0
104_adaptive,validated,A+,0.956,1.0,False,0.8500000000000001,low,57.439327239990234,22,1,0,1,0.0,0
105_adaptive,validated,A+,0.916,0.975658118724823,False,0.9,low,99.60770606994629,73,4,0,1,0.0,1
106_adaptive,validated,B+,1.0,0.7408313751220703,False,0.75,low,25.452613830566406,23,0,0,0,0.0,1
107_adaptive,validated,D,0.0589774213731288,1.0,False,0.9500000000000001,low,33.54525566101074,40,2,0,1,0.0,0
108_adaptive,validated,A,1.0,0.970884382724762,False,0.8500000000000001,low,24.29342269897461,25,3,0,1,0.0,0
109_adaptive,validated,B+,1.0,0.9154999256134032,False,0.8,low,16.871213912963867,30,4,0,1,0.0,1
110_adaptive,validated,B+,1.0,0.6471936702728271,False,0.75,low,14.02735710144043,21,0,0,0,0.0,1
111_adaptive,validated,B+,1.0,0.7501144409179688,False,0.8500000000000001,low,15.837430953979492,20,1,0,1,0.0,0
112_adaptive,validated,A,1.0,0.9999999403953552,False,0.8500000000000001,low,24.525165557861328,25,2,0,1,0.0,0
113_adaptive,validated,B+,0.756,0.8403491973876953,False,0.8,low,70.7862377166748,105,3,0,1,0.0,1
114_adaptive,validated,A,0.916,0.921579122543335,False,0.9,low,38.91324996948242,67,5,0,1,0.0,1
115_adaptive,validated,A+,0.956,0.8131664991378784,False,0.9500000000000001,low,32.86170959472656,37,2,0,1,0.0,0
116_adaptive,validated,A+,0.936,0.9999998211860656,False,0.9,low,36.6673469543457,53,2,0,1,0.0,1
117_adaptive,validated,A+,0.956,1.0000001192092896,False,0.9500000000000001,low,37.996768951416016,41,1,0,1,0.0,0
118_adaptive,validated,A,1.0,0.9532846212387084,False,0.75,low,25.65789222717285,22,0,0,0,0.0,1
119_adaptive,validated,B+,1.0,0.7542929649353027,False,0.8,low,35.67218780517578,25,5,0,1,0.0,1
120_adaptive,validated,A+,0.8860000000000001,0.9951480031013488,False,0.9,low,43.54739189147949,71,6,0,1,0.0,1
121_adaptive,validated,B,1.0,0.5423725843429565,False,0.8500000000000001,low,0.0,20,1,0,1,0.0,0
122_adaptive,validated,B+,1.0,0.9048365354537964,False,0.8,low,40.094852447509766,30,2,0,1,0.0,1
123_adaptive,validated,B+,1.0,0.7017892599105835,False,0.8500000000000001,low,17.894506454467773,19,1,0,1,0.0,0
124_adaptive,validated,A+,0.956,0.9884721040725708,False,0.75,low,19.87314224243164,27,0,0,0,0.0,1
125_adaptive,validated,D,0.1792868459224701,0.8493684530258179,False,0.8500000000000001,low,17.642498016357422,29,3,0,1,0.0,0
126_adaptive,validated,B+,1.0,1.0,False,0.8,low,25.67005157470703,32,2,0,1,0.0,1
127_adaptive,validated,D,0.0427785050766221,0.8856436014175415,False,0.9500000000000001,low,17.142295837402344,31,2,0,1,0.0,0
128_adaptive,validated,A+,0.936,0.8908538818359375,False,0.8500000000000001,low,18.685340881347656,61,1,0,1,0.0,2
129_adaptive,validated,A+,0.916,0.975658118724823,False,0.9,low,22.289514541625977,73,4,0,1,0.0,1
130_adaptive,validated,A,1.0,0.9999900460243224,False,0.7500000000000001,low,22.64404296875,72,9,0,1,0.0,2
131_adaptive,validated,A,1.0,0.9920610189437866,False,0.7000000000000001,low,23.087263107299805,66,13,0,1,0.4,3
132_adaptive,validated,D,0.3385048985481262,0.994139850139618,False,0.8,low,11.646270751953125,58,5,0,1,0.0,1
133_adaptive,validated,A,1.0,1.0000001192092896,False,0.8500000000000001,low,17.076730728149414,24,2,0,2,0.0,0
134_adaptive,validated,A+,0.936,0.9999998807907104,False,0.7500000000000001,low,14.999866485595703,51,4,0,1,0.0,2
135_adaptive,validated,A+,0.916,0.9644334316253662,False,0.9500000000000001,low,0.0,31,4,0,1,0.0,0
136_adaptive,validated,A+,0.956,1.0,False,0.9500000000000001,low,24.78170394897461,41,1,0,1,0.0,0
137_adaptive,validated,A+,0.956,1.0,False,0.9500000000000001,low,14.678001403808594,42,1,0,1,0.0,0
138_adaptive,validated,A,0.876,0.9034748077392578,False,0.9,low,18.16558837890625,70,3,0,1,0.0,1
139_adaptive,validated,A+,0.916,1.0,False,0.8,low,11.63625717163086,40,2,0,1,0.0,1
140_adaptive,validated,B+,1.0,1.0,False,0.85,low,13.040781021118164,30,0,0,0,0.0,1
141_adaptive,validated,A+,0.956,1.0,False,0.9500000000000001,low,14.132499694824219,42,1,0,1,0.0,0
142_adaptive,validated,A,0.796,0.9938597083091736,False,0.9,low,28.130531311035156,101,2,0,1,0.0,1
143_adaptive,validated,A,0.796,0.9170922040939332,False,0.9500000000000001,low,21.926403045654297,102,5,0,1,0.0,0
144_adaptive,validated,D,0.147315427660942,1.0,False,0.9500000000000001,low,19.01078224182129,45,3,0,1,0.0,0
145_adaptive,validated,B+,1.0,0.989346444606781,False,0.7000000000000001,low,12.136459350585938,30,0,0,0,0.0,2
146_adaptive,validated,A+,0.8860000000000001,0.9983360171318054,False,0.9500000000000001,low,37.64200210571289,78,6,0,1,0.0,0
147_adaptive,validated,D,0.1040031760931015,1.0,False,0.9,low,30.664443969726562,45,7,0,1,0.0,1
148_adaptive,validated,A+,0.916,0.9422397017478944,False,0.8500000000000001,low,29.784202575683594,62,1,0,2,0.0,2
149_adaptive,validated,A,0.756,0.9478301405906676,False,0.8500000000000001,low,31.690359115600586,88,14,0,1,0.0,2
150_adaptive,validated,A,1.0,1.0,False,0.8,low,11.77072525024414,25,4,0,1,0.0,1
151_adaptive,validated,A,0.78,1.0,False,0.9,low,27.048110961914062,66,4,0,1,0.0,1
152_adaptive,validated,A+,0.936,0.9107520580291748,False,0.9,low,29.879093170166016,61,7,0,1,0.0,1
153_adaptive,validated,A+,0.956,1.0,False,0.9500000000000001,low,21.972179412841797,33,1,0,1,0.0,0
154_adaptive,validated,A+,0.8460000000000001,0.9495419263839722,False,0.7500000000000001,low,37.17684745788574,86,5,0,1,0.0,2
155_adaptive,validated,D,0.3156939394890315,0.9375750422477722,False,0.7500000000000001,low,50.687313079833984,95,9,0,1,0.0,2
156_adaptive,validated,A,1.0,1.0000001192092896,False,0.8500000000000001,low,26.009082794189453,19,4,0,1,0.0,0
157_adaptive,validated,A+,0.956,0.889445424079895,False,0.8,low,29.992103576660156,41,4,0,1,0.0,1
158_adaptive,validated,A,0.796,0.9705080986022948,False,0.9500000000000001,low,38.19012641906738,92,6,0,1,0.0,0
159_adaptive,validated,A+,0.936,0.9607664942741394,False,0.9,low,23.35190773010254,51,3,0,1,0.0,1
160_adaptive,validated,D,0.226674094429157,0.8344650864601135,False,0.9500000000000001,low,20.539045333862305,41,6,0,1,0.0,0
161_adaptive,validated,A,0.74,0.99534273147583,False,0.7500000000000001,low,26.636123657226562,70,8,0,1,0.0,2
162_adaptive,validated,A+,0.926,0.9594295620918274,False,0.7000000000000001,low,17.79031753540039,51,1,0,1,0.4,3
163_adaptive,validated,A+,0.916,0.9507016539573668,False,0.9,low,21.626949310302734,84,6,0,1,0.0,1
164_adaptive,validated,A,0.866,0.9555639028549194,False,0.7500000000000001,low,28.41472625732422,103,7,0,1,0.0,2
165_adaptive,validated,A,0.916,0.7837063670158386,False,0.9,low,25.50816535949707,67,9,0,1,0.0,1
166_adaptive,validated,D,0.1648215651512146,1.0,True,0.55,high,16.724348068237305,20,4,0,1,0.9,1
167_adaptive,validated,A,0.796,0.9675357937812804,False,0.9,low,31.99172019958496,96,5,0,1,0.0,1
168_adaptive,validated,A,0.826,0.8889455795288086,False,0.8,low,25.92015266418457,101,9,0,2,0.0,1
169_adaptive,validated,B+,0.64,0.8079459071159363,False,0.9,low,39.31307792663574,82,4,0,2,0.0,1
170_adaptive,validated,A+,0.956,1.0,False,0.85,low,7.824420928955078,30,0,0,0,0.0,1
171_adaptive,validated,D,0.0960426330566406,0.7991381883621216,True,0.5000000000000001,high,16.834735870361328,28,5,0,1,0.9,2
172_adaptive,validated,A,0.76,0.9026752710342408,False,0.7500000000000001,low,27.09197998046875,85,2,0,1,0.0,2
173_adaptive,validated,A,0.796,0.9152163863182068,False,0.9500000000000001,low,27.61983871459961,101,6,0,1,0.0,0
175_adaptive,validated,A+,0.956,0.9048036336898804,False,0.9500000000000001,low,16.115188598632812,48,1,0,1,0.0,0
176_adaptive,validated,A,1.0,1.0,False,0.75,low,9.792089462280273,24,0,0,0,0.0,1
177_adaptive,validated,A,1.0,0.9674214124679564,False,0.8500000000000001,low,13.804912567138672,24,2,0,1,0.0,0
178_adaptive,validated,A,0.936,0.8085412979125977,False,0.7500000000000001,low,17.87114143371582,55,5,0,1,0.0,2
179_adaptive,validated,A,0.866,0.876602828502655,False,0.9,low,23.731470108032227,93,5,0,1,0.0,1
180_adaptive,validated,A+,0.956,1.0,False,0.8500000000000001,low,6.034374237060547,22,1,0,1,0.0,0
181_adaptive,validated,A,0.796,0.8605238795280457,False,0.9,low,34.06786918640137,105,7,0,2,0.0,1
182_adaptive,validated,D,0.097365864767478,0.961173951625824,True,0.65,high,15.460491180419922,32,4,0,1,0.9,1
183_adaptive,validated,A,0.826,0.997988224029541,True,0.65,low,25.30956268310547,92,4,0,1,0.0,2
184_adaptive,validated,A+,0.8859999999999999,0.99607253074646,False,0.7000000000000001,low,16.037702560424805,27,3,0,1,0.0,1
185_adaptive,validated,A+,0.8959999999999999,0.9488303065299988,False,0.9,low,18.549680709838867,66,3,0,1,0.0,1
6_confidence_weighted,validated,B+,0.6464282115869018,0.666128396987915,True,0.0,critical,141.69001579284668,611,56,0,2,1.0,5
66_confidence_weighted,validated,B,0.5206489675516225,0.8691822290420532,True,0.0,critical,89.81156349182129,480,44,0,1,1.0,6
112_confidence_weighted,validated,D,0.3111251418131946,0.891274094581604,True,0.0,critical,84.77473258972168,340,15,0,1,1.0,4
161_confidence_weighted,validated,B,0.5206489675516225,0.8691822290420532,True,0.0,critical,83.526611328125,480,44,0,1,1.0,6
168_confidence_weighted,validated,B+,0.6464282115869018,0.666128396987915,True,0.0,critical,172.99437522888184,611,56,0,2,1.0,5
49_adaptive,rejected,A+,0.8860000000000001,0.9325799345970154,False,0.8500000000000001,low,22.403240203857422,11,1,0,1,0.0,0
174_adaptive,rejected,A+,0.8860000000000001,0.9325799345970154,False,0.8500000000000001,low,13.779878616333008,11,1,0,1,0.0,0
0_confidence_weighted,rejected,B+,0.6742194616977225,0.9025899767875672,True,0.0,critical,295.66264152526855,662,23,0,1,1.0,6
1_confidence_weighted,rejected,B+,0.6844615384615385,0.9747263193130492,True,0.0,critical,205.9645652770996,496,18,0,1,1.0,5
2_confidence_weighted,rejected,B+,0.6843982683982685,0.924626648426056,True,0.0,critical,126.9388198852539,317,19,0,1,1.0,4
3_confidence_weighted,rejected,B+,0.6408878923766815,0.8401363492012024,True,0.0,critical,259.80687141418457,601,18,0,1,1.0,5
4_confidence_weighted,rejected,B+,0.6840434782608695,0.949759304523468,True,0.0,critical,280.31206130981445,514,26,0,1,1.0,4
5_confidence_weighted,rejected,B+,0.6776292134831461,0.9464643001556396,True,0.0,critical,165.4953956604004,464,13,0,1,1.0,6
7_confidence_weighted,rejected,D,0.3016747270187687,0.8915548324584961,True,0.0,critical,241.15324020385742,850,75,0,1,1.0,6
8_confidence_weighted,rejected,D,0.3286540308094263,0.8446868658065796,True,0.0,critical,164.76154327392578,610,65,0,1,1.0,6
9_confidence_weighted,rejected,B+,0.6502446043165468,0.7194734811782837,True,0.05,critical,55.494070053100586,225,24,0,2,1.0,4
10_confidence_weighted,rejected,B+,0.6534874371859297,0.7873648405075073,True,0.0,critical,87.12196350097656,259,19,0,1,1.0,5
11_confidence_weighted,rejected,B+,0.6837837837837838,0.86784827709198,True,0.0,critical,128.58057022094727,473,18,0,2,1.0,6
12_confidence_weighted,rejected,D,0.3978944309009528,0.8595384955406189,True,0.0,critical,110.52632331848145,345,45,0,1,1.0,5
13_confidence_weighted,rejected,B+,0.6854080996884735,0.8804227709770203,True,0.0,critical,139.79291915893555,477,45,0,2,1.0,4
14_confidence_weighted,rejected,C,0.4806069541851986,0.9275503158569336,True,0.0,critical,89.47563171386719,335,15,0,1,1.0,4
15_confidence_weighted,rejected,B+,0.634423645320197,0.8491867184638977,True,0.0,critical,99.83968734741211,315,13,0,1,1.0,6
16_confidence_weighted,rejected,C,0.4009624769863387,0.8886588215827942,True,0.0,critical,154.5579433441162,480,5,0,1,1.0,6
17_confidence_weighted,rejected,C,0.4038974380921965,0.7031623721122742,True,0.0,critical,134.98902320861816,440,25,0,1,1.0,6
18_confidence_weighted,rejected,B+,0.6803775100401606,0.965276062488556,True,0.0,critical,220.50738334655762,688,30,0,1,1.0,6
19_confidence_weighted,rejected,B+,0.6811737451737452,0.9661912322044371,True,0.0,critical,116.97506904602051,349,33,0,1,1.0,4
20_confidence_weighted,rejected,B+,0.6836772616136919,0.6930340528488159,True,0.0,critical,166.22328758239746,549,38,0,2,1.0,5
21_confidence_weighted,rejected,B+,0.6828000000000001,0.786380410194397,True,0.0,critical,176.96881294250488,363,26,0,2,1.0,5
22_confidence_weighted,rejected,D,0.3761467169911884,0.6441677808761597,True,0.0,critical,163.58590126037598,455,30,0,2,1.0,6
23_confidence_weighted,rejected,B+,0.649061224489796,0.847941517829895,True,0.0,critical,130.41949272155762,303,26,0,2,1.0,5
24_confidence_weighted,rejected,B+,0.6862272727272727,0.6944047808647156,True,0.05,critical,118.93916130065918,250,21,0,1,1.0,4
25_confidence_weighted,rejected,D,0.3615392678438273,0.8089898824691772,True,0.0,critical,154.50692176818848,320,15,0,1,1.0,5
26_confidence_weighted,rejected,D,0.3164650266537679,0.6975960731506348,True,0.0,critical,140.71202278137207,380,20,0,2,1.0,5
27_confidence_weighted,rejected,B+,0.6872876712328767,0.7593997120857239,True,0.0,critical,181.26726150512695,502,29,0,2,1.0,5
28_confidence_weighted,rejected,D,0.3621281896925904,0.6679369211196899,True,0.0,critical,96.88639640808105,335,20,0,1,1.0,5
29_confidence_weighted,rejected,C,0.4061306876596452,0.8123286366462708,True,0.0,critical,193.21680068969727,510,25,0,2,1.0,6
30_confidence_weighted,rejected,B+,0.6857714285714286,0.8861552476882935,True,0.0,critical,193.43900680541992,502,17,0,3,1.0,5
31_confidence_weighted,rejected,C,0.4406990216621234,0.9514681100845336,True,0.0,critical,134.90653038024902,390,55,0,1,1.0,5
32_confidence_weighted,rejected,D,0.3682176047987057,0.7847729921340942,True,0.0,critical,189.5310878753662,425,30,0,1,1.0,5
33_confidence_weighted,rejected,D,0.389210343987,0.7308954000473022,True,0.0,critical,137.90321350097656,305,10,0,1,1.0,4
34_confidence_weighted,rejected,D,0.3389859568714243,0.7230283617973328,True,0.0,critical,132.66706466674805,325,15,0,1,1.0,5
35_confidence_weighted,rejected,D,0.3943594470005825,0.7540677785873413,True,0.0,critical,207.1387767791748,485,45,0,1,1.0,5
36_confidence_weighted,rejected,B+,0.6819305993690852,0.736607551574707,True,0.0,critical,141.95537567138672,480,35,0,1,1.0,5
37_confidence_weighted,rejected,B+,0.6869387755102041,0.6112673878669739,True,0.0,critical,101.53770446777344,347,33,0,1,1.0,5
38_confidence_weighted,rejected,B+,0.6878045112781954,0.8178450465202332,True,0.0,critical,121.3984489440918,417,54,0,2,1.0,6
39_confidence_weighted,rejected,D,0.3659054057835116,0.6952975392341614,True,0.0,critical,104.33125495910645,390,35,0,1,1.0,5
40_confidence_weighted,rejected,D,0.368569635573859,0.8920652866363525,True,0.0,critical,145.04384994506836,390,25,0,2,1.0,6
41_confidence_weighted,rejected,B+,0.6878115942028986,0.6457850933074951,True,0.0,critical,123.31128120422363,356,28,0,1,1.0,4
42_confidence_weighted,rejected,B+,0.6853333333333333,0.8902344703674316,True,0.0,critical,308.72297286987305,530,14,0,2,1.0,5
43_confidence_weighted,rejected,B+,0.6791734317343173,0.7880186438560486,True,0.0,critical,249.2380142211914,389,31,0,1,1.0,6
44_confidence_weighted,rejected,B+,0.6892046332046332,0.8418284058570862,True,0.0,critical,147.46356010437012,361,38,0,1,1.0,4
45_confidence_weighted,rejected,B+,0.6799999999999999,0.9039753079414368,True,0.0,critical,175.78601837158203,368,9,0,1,1.0,5
46_confidence_weighted,rejected,B+,0.6772875536480687,0.9130744338035583,True,0.0,critical,202.41928100585938,669,41,0,1,1.0,5
47_confidence_weighted,rejected,B+,0.6398683127572017,0.8988593816757202,True,0.0,critical,115.8912181854248,364,41,0,1,1.0,5
48_confidence_weighted,rejected,D,0.3491403469638096,0.8380557894706726,True,0.0,critical,145.1129913330078,395,10,0,1,1.0,4
49_confidence_weighted,rejected,B+,0.6845477178423237,0.7409915328025818,True,0.0,critical,138.61727714538574,353,13,0,1,1.0,5
50_confidence_weighted,rejected,C,0.4601107021283675,0.8343743085861206,True,0.0,critical,139.29176330566406,330,45,0,1,1.0,5
51_confidence_weighted,rejected,B+,0.6846925795053004,0.7078987956047058,True,0.0,critical,161.18741035461426,470,36,0,1,1.0,5
52_confidence_weighted,rejected,B+,0.6828126520681266,0.9061836004257202,True,0.0,critical,251.373291015625,623,38,0,1,1.0,4
53_confidence_weighted,rejected,D,0.3992165063108716,0.9850441217422484,True,0.0,critical,100.83460807800293,315,35,0,3,1.0,6
54_confidence_weighted,rejected,B+,0.6829113149847095,0.8960288763046265,True,0.0,critical,133.47554206848145,455,58,0,1,1.0,4
55_confidence_weighted,rejected,B+,0.6875702479338843,0.860622227191925,True,0.05,critical,37.81270980834961,189,23,0,2,1.0,4
56_confidence_weighted,rejected,D,0.3510541063839399,0.8428335189819336,True,0.0,critical,99.30133819580078,350,20,0,1,1.0,5
57_confidence_weighted,rejected,B+,0.6748059701492537,0.9485052227973938,True,0.0,critical,101.59921646118164,465,22,0,1,1.0,5
58_confidence_weighted,rejected,B+,0.6812631578947369,0.8989540338516235,True,0.0,critical,78.71794700622559,395,0,0,0,1.0,6
59_confidence_weighted,rejected,C,0.409153660236321,0.8760755062103271,True,0.0,critical,97.20063209533691,460,10,0,2,1.0,6
60_confidence_weighted,rejected,D,0.3610008405892727,0.8300821781158447,True,0.0,critical,127.43782997131348,580,50,0,1,1.0,4
61_confidence_weighted,rejected,B+,0.6817746478873239,0.8922914862632751,True,0.0,critical,132.56049156188965,574,20,0,1,1.0,5
62_confidence_weighted,rejected,B+,0.6806464646464646,0.8868429660797119,True,0.0,critical,110.6266975402832,511,5,0,1,1.0,6
63_confidence_weighted,rejected,C,0.4364655475741655,0.9030983448028564,True,0.0,critical,81.27593994140625,310,25,0,1,1.0,5
64_confidence_weighted,rejected,B+,0.6773477088948787,0.8700628876686096,True,0.0,critical,118.45755577087402,541,22,0,2,1.0,5
65_confidence_weighted,rejected,D,0.3185519292182822,0.8055542707443237,True,0.0,critical,102.10394859313965,435,50,0,1,1.0,4
67_confidence_weighted,rejected,D,0.303004664583427,0.6369819045066833,True,0.0,critical,74.01466369628906,285,25,0,1,1.0,5
68_confidence_weighted,rejected,B+,0.6864854368932038,0.6339066028594971,True,0.0,critical,62.1485710144043,325,23,0,1,1.0,4
69_confidence_weighted,rejected,D,0.3995285934203869,0.6210489869117737,True,0.0,critical,79.68258857727051,375,35,0,2,1.0,5
70_confidence_weighted,rejected,C,0.4171840718814305,0.805952250957489,True,0.0,critical,61.9504451751709,275,35,0,1,1.0,4
71_confidence_weighted,rejected,C,0.4355597688953796,0.9168157577514648,True,0.0,critical,104.26473617553711,595,105,0,1,1.0,6
72_confidence_weighted,rejected,B+,0.6825564738292011,0.8748483657836914,True,0.0,critical,115.20838737487793,487,27,0,1,1.0,5
73_confidence_weighted,rejected,D,0.3056199340790592,0.6689532995223999,True,0.05,critical,63.8124942779541,235,30,0,1,1.0,4
74_confidence_weighted,rejected,C,0.4473731158601391,0.8133545517921448,True,0.0,critical,71.38967514038086,315,25,0,1,1.0,5
75_confidence_weighted,rejected,B+,0.6911515151515151,0.7128781080245972,True,0.0,critical,83.34708213806152,355,41,0,1,1.0,5
76_confidence_weighted,rejected,D,0.3556044801174045,0.7961574792861938,True,0.0,critical,80.70039749145508,345,15,0,1,1.0,5
77_confidence_weighted,rejected,B+,0.6807540983606557,0.8358294367790222,True,0.0,critical,68.83740425109863,373,13,0,1,1.0,4
78_confidence_weighted,rejected,D,0.359418525458781,0.6593196392059326,True,0.0,critical,83.28866958618164,300,5,0,1,1.0,5
79_confidence_weighted,rejected,B+,0.6824107485604606,0.8549965620040894,True,0.0,critical,228.5900115966797,676,51,0,1,1.0,4
80_confidence_weighted,rejected,C,0.4502169592849601,0.8529871702194214,True,0.0,critical,91.08138084411621,285,15,0,1,1.0,6
81_confidence_weighted,rejected,D,0.3538021975689241,0.8238582611083984,True,0.0,critical,139.64533805847168,310,20,0,2,1.0,6
82_confidence_weighted,rejected,D,0.3776669923275236,0.7738505005836487,True,0.0,critical,108.19315910339355,255,45,0,1,1.0,6
83_confidence_weighted,rejected,D,0.338537160132647,0.8485703468322754,True,0.0,critical,122.36547470092773,330,15,0,1,1.0,4
84_confidence_weighted,rejected,D,0.3678576153785083,0.8520048260688782,True,0.0,critical,121.95277214050293,330,30,0,1,1.0,6
85_confidence_weighted,rejected,B+,0.685568345323741,0.7456408739089966,True,0.0,critical,160.23802757263184,457,27,0,1,1.0,5
86_confidence_weighted,rejected,B+,0.6720240963855422,0.9396111369132996,True,0.0,critical,118.59822273254395,275,8,0,1,1.0,5
87_confidence_weighted,rejected,B+,0.6488813559322034,0.9565646052360536,True,0.0,critical,189.49174880981445,453,21,0,1,1.0,4
88_confidence_weighted,rejected,B+,0.6796281179138322,0.901619017124176,True,0.0,critical,225.93259811401367,613,57,0,1,1.0,6
89_confidence_weighted,rejected,B+,0.6824848484848485,0.8134463429450989,True,0.0,critical,212.19539642333984,530,33,0,1,1.0,5
90_confidence_weighted,rejected,B+,0.6753513513513514,0.9404507279396056,True,0.0,critical,200.58274269104004,539,9,0,1,1.0,5
91_confidence_weighted,rejected,B+,0.6750673575129533,0.9010023474693298,True,0.0,critical,206.3596248626709,576,29,0,1,1.0,6
92_confidence_weighted,rejected,B+,0.6830089285714286,0.9378137588500975,True,0.0,critical,239.65048789978027,612,41,0,1,1.0,4
93_confidence_weighted,rejected,B+,0.6782764227642276,0.9351680874824524,True,0.0,critical,241.9908046722412,646,33,0,1,1.0,4
94_confidence_weighted,rejected,B+,0.6750781563126252,0.9187763333320618,True,0.0,critical,236.12427711486816,706,32,0,1,1.0,4
95_confidence_weighted,rejected,B+,0.6774761904761906,0.9388612508773804,True,0.0,critical,233.54458808898926,622,48,0,2,1.0,5
96_confidence_weighted,rejected,B,0.5312238805970149,0.7238282561302185,True,0.0,critical,179.6271800994873,479,51,0,1,1.0,5
97_confidence_weighted,rejected,B+,0.6799269406392694,0.9444890022277832,True,0.0,critical,261.51561737060547,636,86,0,1,1.0,6
98_confidence_weighted,rejected,B+,0.6714948805460751,0.94050133228302,True,0.0,critical,151.1390209197998,385,43,0,1,1.0,5
99_confidence_weighted,rejected,B+,0.6812559726962457,0.9003229737281799,True,0.0,critical,190.72198867797852,435,14,0,1,1.0,5
100_confidence_weighted,rejected,B,0.5177099236641222,0.969410002231598,True,0.0,critical,222.03397750854492,656,20,0,1,1.0,4
101_confidence_weighted,rejected,B+,0.6918115183246074,0.8249438405036926,True,0.0,critical,75.70481300354004,302,9,0,1,1.0,5
102_confidence_weighted,rejected,B+,0.6678933333333333,0.9049907326698304,True,0.0,critical,107.36870765686035,475,39,0,1,1.0,4
103_confidence_weighted,rejected,B+,0.6871917098445596,0.8852046132087708,True,0.0,critical,66.37096405029297,246,40,0,1,1.0,5
104_confidence_weighted,rejected,B+,0.688,0.9614909887313844,True,0.05,critical,75.6676197052002,183,9,0,1,1.0,4
105_confidence_weighted,rejected,B+,0.6790813953488372,0.8500258922576904,True,0.0,critical,129.5771598815918,513,27,0,1,1.0,5
106_confidence_weighted,rejected,D,0.3283215349877786,0.793931245803833,True,0.0,critical,93.41168403625488,290,10,0,1,1.0,5
107_confidence_weighted,rejected,B+,0.6832727272727273,0.8862789273262024,True,0.0,critical,131.31165504455566,406,13,0,1,1.0,4
108_confidence_weighted,rejected,D,0.306892690241785,0.8918063044548035,True,0.05,critical,70.4948902130127,250,20,0,1,1.0,4
109_confidence_weighted,rejected,D,0.392596384668763,0.8123365640640259,True,0.0,critical,65.08111953735352,280,20,0,1,1.0,5
110_confidence_weighted,rejected,D,0.3080407447283318,0.6362269520759583,True,0.0,critical,67.76213645935059,325,5,0,1,1.0,5
111_confidence_weighted,rejected,D,0.3166177399875798,0.87449711561203,True,0.0,critical,82.23581314086914,260,15,0,1,1.0,5
113_confidence_weighted,rejected,B+,0.680972972972973,0.8789785504341125,True,0.0,critical,172.69206047058105,716,45,0,1,1.0,5
114_confidence_weighted,rejected,B+,0.6840506329113925,0.9514750838279724,True,0.0,critical,105.88479042053223,468,26,0,1,1.0,5
115_confidence_weighted,rejected,B+,0.6845333333333333,0.6422339677810669,True,0.0,critical,75.55866241455078,328,18,0,1,1.0,5
116_confidence_weighted,rejected,B+,0.688,0.8915740847587585,True,0.0,critical,81.86554908752441,404,15,0,1,1.0,6
117_confidence_weighted,rejected,B+,0.6919641255605382,0.8261095285415649,True,0.0,critical,82.28445053100586,304,19,0,1,1.0,5
118_confidence_weighted,rejected,C,0.4917889707267245,0.8794248104095459,True,0.0,critical,64.13006782531738,295,5,0,1,1.0,6
119_confidence_weighted,rejected,D,0.3356055443879788,0.910227596759796,True,0.0,critical,77.67724990844727,295,35,0,1,1.0,4
120_confidence_weighted,rejected,B+,0.6712336448598131,0.9464937448501588,True,0.0,critical,125.30994415283203,614,53,0,1,1.0,5
121_confidence_weighted,rejected,B+,0.696,0.6656129956245422,True,0.05,critical,47.020912170410156,250,23,0,1,1.0,4
122_confidence_weighted,rejected,B+,0.6917939914163089,0.864578127861023,True,0.0,critical,83.20093154907227,315,16,0,1,1.0,5
123_confidence_weighted,rejected,D,0.3961727154210097,0.7444509267807007,True,0.0,critical,52.43706703186035,295,15,0,1,1.0,4
124_confidence_weighted,rejected,B+,0.688,0.8974818587303162,True,0.0,critical,66.09416007995605,268,5,0,1,1.0,6
125_confidence_weighted,rejected,B+,0.6824285714285714,0.7258245944976807,True,0.0,critical,64.90206718444824,336,27,0,1,1.0,5
126_confidence_weighted,rejected,D,0.3365334566213162,0.8747202157974243,True,0.0,critical,99.70545768737793,475,35,0,1,1.0,5
127_confidence_weighted,rejected,B+,0.6501666666666667,0.7097328901290894,True,0.0,critical,62.84594535827637,269,18,0,2,1.0,5
128_confidence_weighted,rejected,B+,0.6806464646464646,0.8868429660797119,True,0.0,critical,86.59982681274414,511,5,0,1,1.0,6
129_confidence_weighted,rejected,B+,0.6790813953488372,0.8500258922576904,True,0.0,critical,88.531494140625,513,27,0,1,1.0,5
130_confidence_weighted,rejected,D,0.3286540308094263,0.8446868658065796,True,0.0,critical,85.15787124633789,610,65,0,1,1.0,6
131_confidence_weighted,rejected,C,0.4355597688953796,0.9168157577514648,True,0.0,critical,93.38212013244629,595,105,0,1,1.0,6
132_confidence_weighted,rejected,B+,0.6854080996884735,0.8804227709770203,True,0.0,critical,91.1712646484375,477,45,0,2,1.0,4
133_confidence_weighted,rejected,D,0.3992165063108716,0.9850441217422484,True,0.0,critical,50.935983657836914,315,35,0,3,1.0,6
134_confidence_weighted,rejected,B+,0.6840434782608695,0.949759304523468,True,0.0,critical,79.00643348693848,514,26,0,1,1.0,4
135_confidence_weighted,rejected,B+,0.6398683127572017,0.8988593816757202,True,0.0,critical,70.33586502075195,364,41,0,1,1.0,5
136_confidence_weighted,rejected,B+,0.6753513513513514,0.9404507279396056,True,0.0,critical,91.6900634765625,539,9,0,1,1.0,5
137_confidence_weighted,rejected,B+,0.6799999999999999,0.9039753079414368,True,0.0,critical,61.782121658325195,368,9,0,1,1.0,5
138_confidence_weighted,rejected,B+,0.6408878923766815,0.8401363492012024,True,0.0,critical,100.04830360412598,601,18,0,1,1.0,5
139_confidence_weighted,rejected,B+,0.634423645320197,0.8491867184638977,True,0.0,critical,38.14053535461426,315,13,0,1,1.0,6
140_confidence_weighted,rejected,D,0.3491403469638096,0.8380557894706726,True,0.0,critical,82.65519142150879,395,10,0,1,1.0,4
141_confidence_weighted,rejected,B+,0.6843982683982685,0.924626648426056,True,0.0,critical,55.31907081604004,317,19,0,1,1.0,4
142_confidence_weighted,rejected,B,0.5177099236641222,0.969410002231598,True,0.0,critical,117.65122413635254,656,20,0,1,1.0,4
143_confidence_weighted,rejected,B+,0.6750781563126252,0.9187763333320618,True,0.0,critical,110.80050468444824,706,32,0,1,1.0,4
144_confidence_weighted,rejected,B+,0.6748059701492537,0.9485052227973938,True,0.0,critical,84.2893123626709,465,22,0,1,1.0,5
145_confidence_weighted,rejected,C,0.4009624769863387,0.8886588215827942,True,0.0,critical,84.3820571899414,480,5,0,1,1.0,6
146_confidence_weighted,rejected,B+,0.6828126520681266,0.9061836004257202,True,0.0,critical,128.3707618713379,623,38,0,1,1.0,4
147_confidence_weighted,rejected,B+,0.6829113149847095,0.8960288763046265,True,0.0,critical,69.5502758026123,455,58,0,1,1.0,4
148_confidence_weighted,rejected,B+,0.6837837837837838,0.86784827709198,True,0.0,critical,83.09793472290039,473,18,0,2,1.0,6
149_confidence_weighted,rejected,B+,0.6799269406392694,0.9444890022277832,True,0.0,critical,125.74434280395508,636,86,0,1,1.0,6
150_confidence_weighted,rejected,C,0.4601107021283675,0.8343743085861206,True,0.0,critical,58.875322341918945,330,45,0,1,1.0,5
151_confidence_weighted,rejected,B+,0.6844615384615385,0.9747263193130492,True,0.0,critical,85.88385581970215,496,18,0,1,1.0,5
152_confidence_weighted,rejected,B+,0.6714948805460751,0.94050133228302,True,0.0,critical,71.29359245300293,385,43,0,1,1.0,5
153_confidence_weighted,rejected,B+,0.6918115183246074,0.8249438405036926,True,0.0,critical,58.3953857421875,302,9,0,1,1.0,5
154_confidence_weighted,rejected,B+,0.6750673575129533,0.9010023474693298,True,0.0,critical,101.28498077392578,576,29,0,1,1.0,6
155_confidence_weighted,rejected,B+,0.6796281179138322,0.901619017124176,True,0.0,critical,130.98406791687012,613,57,0,1,1.0,6
156_confidence_weighted,rejected,D,0.3978944309009528,0.8595384955406189,True,0.0,critical,76.20859146118164,345,45,0,1,1.0,5
157_confidence_weighted,rejected,B+,0.6791734317343173,0.7880186438560486,True,0.0,critical,66.46394729614258,389,31,0,1,1.0,6
158_confidence_weighted,rejected,B+,0.6830089285714286,0.9378137588500975,True,0.0,critical,124.74966049194336,612,41,0,1,1.0,4
159_confidence_weighted,rejected,B+,0.6776292134831461,0.9464643001556396,True,0.0,critical,105.85927963256836,464,13,0,1,1.0,6
160_confidence_weighted,rejected,B+,0.6892046332046332,0.8418284058570862,True,0.0,critical,82.7639102935791,361,38,0,1,1.0,4
162_confidence_weighted,rejected,B+,0.6853333333333333,0.8902344703674316,True,0.0,critical,101.77183151245117,530,14,0,2,1.0,5
163_confidence_weighted,rejected,B+,0.6824848484848485,0.8134463429450989,True,0.0,critical,94.16055679321289,530,33,0,1,1.0,5
164_confidence_weighted,rejected,B+,0.6772875536480687,0.9130744338035583,True,0.0,critical,167.8140163421631,669,41,0,1,1.0,5
165_confidence_weighted,rejected,B,0.5312238805970149,0.7238282561302185,True,0.0,critical,104.11882400512695,479,51,0,1,1.0,5
166_confidence_weighted,rejected,B+,0.6875702479338843,0.860622227191925,True,0.05,critical,36.309003829956055,189,23,0,2,1.0,4
167_confidence_weighted,rejected,B+,0.6803775100401606,0.965276062488556,True,0.0,critical,137.71867752075195,688,30,0,1,1.0,6
169_confidence_weighted,rejected,B+,0.6773477088948787,0.8700628876686096,True,0.0,critical,95.75486183166504,541,22,0,2,1.0,5
170_confidence_weighted,rejected,B+,0.6720240963855422,0.9396111369132996,True,0.0,critical,48.081159591674805,275,8,0,1,1.0,5
171_confidence_weighted,rejected,B+,0.6502446043165468,0.7194734811782837,True,0.05,critical,31.917572021484375,225,24,0,2,1.0,4
172_confidence_weighted,rejected,B+,0.6742194616977225,0.9025899767875672,True,0.0,critical,126.75118446350098,662,23,0,1,1.0,6
173_confidence_weighted,rejected,B+,0.6782764227642276,0.9351680874824524,True,0.0,critical,95.58272361755371,646,33,0,1,1.0,4
174_confidence_weighted,rejected,B+,0.6845477178423237,0.7409915328025818,True,0.0,critical,73.58360290527344,353,13,0,1,1.0,5
175_confidence_weighted,rejected,B+,0.6812559726962457,0.9003229737281799,True,0.0,critical,82.02242851257324,435,14,0,1,1.0,5
176_confidence_weighted,rejected,C,0.4806069541851986,0.9275503158569336,True,0.0,critical,48.31576347351074,335,15,0,1,1.0,4
177_confidence_weighted,rejected,D,0.3510541063839399,0.8428335189819336,True,0.0,critical,60.22214889526367,350,20,0,1,1.0,5
178_confidence_weighted,rejected,B+,0.6846925795053004,0.7078987956047058,True,0.0,critical,86.70353889465332,470,36,0,1,1.0,5
179_confidence_weighted,rejected,B+,0.6836772616136919,0.6930340528488159,True,0.0,critical,86.46559715270996,549,38,0,2,1.0,5
180_confidence_weighted,rejected,B+,0.688,0.9614909887313844,True,0.05,critical,42.07491874694824,183,9,0,1,1.0,4
181_confidence_weighted,rejected,B+,0.6774761904761906,0.9388612508773804,True,0.0,critical,126.75237655639648,622,48,0,2,1.0,5
182_confidence_weighted,rejected,B+,0.649061224489796,0.847941517829895,True,0.0,critical,59.984683990478516,303,26,0,2,1.0,5
183_confidence_weighted,rejected,D,0.3016747270187687,0.8915548324584961,True,0.0,critical,150.55584907531738,850,75,0,1,1.0,6
184_confidence_weighted,rejected,B+,0.6534874371859297,0.7873648405075073,True,0.0,critical,49.919843673706055,259,19,0,1,1.0,5
185_confidence_weighted,rejected,B+,0.6488813559322034,0.9565646052360536,True,0.0,critical,78.55224609375,453,21,0,1,1.0,4
